{
  "conventional_long_name": "Ireland {{small|ref label|nomenclature|a}} {{ref label|nomenclature|a}}",
  "native_name": "{{native name|ga|\u00c9ire}}",
  "common_name": "Ireland",
  "linking_name": "the Republic of Ireland",
  "area_link": "#Geography",
  "image_flag": "Flag of Ireland.svg",
  "flag_caption": "Flag",
  "symbol_width": "65px",
  "image_coat": "Coat of arms of Ireland.svg",
  "symbol_type": "[[Coat of arms of Ireland|Coat of arms]]",
  "image_map": "EU-Ireland.svg",
  "map_caption": "{{map caption |location_color|=|dark green |region|=|Europe |region_color|=|dark grey |subregion|=|the European Union\n|subregion_color|=|green |country|=|<span>Ireland</span>|<!--Null tags prevent link to [[Ireland]] being generated by template.-->}}",
  "national_anthem": "\" {{lang|ga|[[Amhr\u00e1n na bhFiann]]|italic|=|no}} \"<br /> {{raise|0.1em|(|Lang-en|\"The Soldiers' Song\"|)}} <br />[[File:United States Navy Band - Amhr\u00e1n na bhFiann.ogg|center]] {{Lang-en|\"The Soldiers' Song\"}} )",
  "languages_type": "[[#Languages|Official languages]]",
  "demonym": "[[Irish people|Irish]]",
  "capital": "[[Dublin]]",
  "ethnic_groups_year": "2016",
  "ethnic_groups": "{{unbulleted list |82.2% White Irish |9.5% Other White |2.6% Not stated |nowrap|2.1% Asian Irish|\\|nowrap|Other Asian| |nowrap|1.5% Other ethn.| |nowrap|1.2% Black Irish|\\|nowrap|Black African| |nowrap|0.7% [[Irish Travellers|Irish Traveller]]| | 0.1% Other Black}} {{nowrap|2.1% Asian Irish}} {{\\}} {{nowrap|Other Asian}} {{nowrap|1.5% Other ethn.}} {{nowrap|1.2% Black Irish}} {{\\}} {{nowrap|Black African}} {{nowrap|0.7% [[Irish Travellers|Irish Traveller]]}}",
  "coordinates": "{{Coord|53|20.65|N|6|16.05|W|type:city}}",
  "largest_city": "capital",
  "government_type": "[[Unitary parliamentary republic]]",
  "leader_title1": "[[President of Ireland|President]]",
  "leader_name1": "[[Michael D. Higgins]]",
  "leader_title2": "[[Taoiseach]]",
  "leader_name2": "[[Leo Varadkar]]",
  "leader_title3": "[[T\u00e1naiste]]",
  "leader_name3": "[[Simon Coveney]]",
  "leader_title4": "[[Chief Justice of Ireland|Chief Justice]]",
  "leader_name4": "[[Frank Clarke (judge)|Frank Clarke]]",
  "legislature": "[[Oireachtas]]",
  "upper_house": "[[Seanad]]",
  "lower_house": "[[D\u00e1il]]",
  "area_km2": "70,273",
  "area_sq_mi": "27,133",
  "area_rank": "118th",
  "percent_water": "2.00",
  "population_estimate": "{{increase}} 4,857,000",
  "population_estimate_year": "2018",
  "population_estimate_rank": "123rd",
  "population_density_km2": "{{#expr: 4857000/70273 round 1}}",
  "population_density_sq_mi": "{{#expr: 4857000/27133 round 1}}",
  "population_density_rank": "142nd",
  "GDP_PPP_year": "2018",
  "GDP_PPP": "$382 billion",
  "GDP_PPP_rank": "56th",
  "GDP_PPP_per_capita": "$79,925",
  "GDP_PPP_per_capita_rank": "7th",
  "GDP_nominal": "$385 billion",
  "GDP_nominal_rank": "42nd",
  "GDP_nominal_year": "2018",
  "GDP_nominal_per_capita": "$80,641",
  "GDP_nominal_per_capita_rank": "4th",
  "Gini_year": "2017",
  "Gini_change": "increase",
  "Gini": "30.6",
  "Gini_rank": "23rd",
  "HDI_year": "2017",
  "HDI_change": "increase",
  "HDI": "0.938",
  "HDI_rank": "4th",
  "sovereignty_type": "[[History of the Republic of Ireland|Stages of independence]]",
  "sovereignty_note": "from the [[United Kingdom of Great Britain and Ireland|United Kingdom]]",
  "established_event1": "[[Proclamation of the Irish Republic|Proclamation]]",
  "established_date1": "24 April 1916",
  "established_event2": "[[Irish Declaration of Independence|Declaration]]",
  "established_date2": "21 January 1919",
  "established_event3": "[[Anglo-Irish Treaty]]",
  "established_date3": "6 December 1921",
  "established_event4": "[[Constitution of the Irish Free State|1922 constitution]]",
  "established_date4": "6 December 1922",
  "established_event5": "[[Constitution of Ireland|1937 constitution]]",
  "established_date5": "29 December 1937",
  "established_event6": "[[Republic of Ireland Act 1948|Republic Act]]",
  "established_date6": "18 April 1949",
  "established_event7": "Joined the [[European Economic Community|EEC]]",
  "established_date7": "1 January 1973",
  "currency": "[[Euro]] ([[Euro sign|\u20ac]])",
  "currency_code": "EUR",
  "time_zone": "[[GMT]]/[[Western European Time|WET]]",
  "utc_offset": "&#8288;",
  "time_zone_DST": "[[Time in Ireland|IST]]/[[Western European Summer Time|WEST]]",
  "utc_offset_DST": "+1",
  "date_format": "dd/mm/yyyy",
  "drives_on": "[[Right- and left-hand traffic|left]]",
  "calling_code": "[[+353]]",
  "cctld": "[[.ie]] {{ref label|tld|c}}",
  "footnote_a": "{{note|nomenclature}} [http://www.irishstatutebook.ie/en/constitution/index.html#part2 Article 4] of the [[Constitution of Ireland]] declares that the name of the state is ''Ireland''; [http://www.irishstatutebook.ie/1948/en/act/pub/0022/sec0002.html#zza22y1948s2 Section 2] of the [[Republic of Ireland Act 1948]] declares that ''Republic of Ireland'' is \"the description of the State\".",
  "footnote_b": "{{note|national language}} Also the sole national language, as per the [http://www.irishstatutebook.ie/2003/en/act/pub/0032/sec0002.html#sec2 Section 2 of the Official Languages Act 2003].",
  "footnote_c": "{{note|tld}} The [[.eu]] domain is also used, as it is shared with other European Union member states."
}