{
  "conventional_long_name": "{{nowrap|Republic of Kazakhstan}}",
  "common_name": "Kazakhstan",
  "native_name": "{{unbulleted list\n|native name|kk|lower|0.2em|\u049a\u0430\u0437\u0430\u049b\u0441\u0442\u0430\u043d \u0420\u0435\u0441\u043f\u0443\u0431\u043b\u0438\u043a\u0430\u0441\u044b&nbsp;|italics|=|off|<br />''|small|Qazaqstan Resp\u00fdbl\u0131kasy|''\n|native name|ru|lower|0.2em|\u0420\u0435\u0441\u043f\u0443\u0431\u043b\u0438\u043a\u0430 \u041a\u0430\u0437\u0430\u0445\u0441\u0442\u0430\u043d&nbsp;|italics|=|off|<br />''|small|Respublika Kazakhstan|''}} {{native name|kk|lower|0.2em|\u049a\u0430\u0437\u0430\u049b\u0441\u0442\u0430\u043d \u0420\u0435\u0441\u043f\u0443\u0431\u043b\u0438\u043a\u0430\u0441\u044b&nbsp;|italics|=|off}} <br />'' {{lower|0.2em|\u049a\u0430\u0437\u0430\u049b\u0441\u0442\u0430\u043d \u0420\u0435\u0441\u043f\u0443\u0431\u043b\u0438\u043a\u0430\u0441\u044b&nbsp;}} {{small|Qazaqstan Resp\u00fdbl\u0131kasy}} '' {{native name|ru|lower|0.2em|\u0420\u0435\u0441\u043f\u0443\u0431\u043b\u0438\u043a\u0430 \u041a\u0430\u0437\u0430\u0445\u0441\u0442\u0430\u043d&nbsp;|italics|=|off}} <br />'' {{lower|0.2em|\u0420\u0435\u0441\u043f\u0443\u0431\u043b\u0438\u043a\u0430 \u041a\u0430\u0437\u0430\u0445\u0441\u0442\u0430\u043d&nbsp;}} {{small|Respublika Kazakhstan}} ''",
  "image_flag": "Flag of Kazakhstan.svg",
  "image_coat": "Emblem of Kazakhstan latin.svg",
  "symbol_type": "Emblem",
  "national_anthem": "[[Meni\u0144 Qazaqstanym|\u041c\u0435\u043d\u0456\u04a3 \u049a\u0430\u0437\u0430\u049b\u0441\u0442\u0430\u043d\u044b\u043c]]<br /> {{transl|kk|Meni\u0144 Qazaqstanym}} <br /> {{small|\"My Kazakhstan\"}} <br />[[File:Kazakhstan (instrumental).oga|center]]",
  "image_map": "Kazakhstan (orthographic projection).svg",
  "map_caption": "{{map caption|location_color|=|green}}",
  "capital": "[[Nur-Sultan]]",
  "coordinates": "{{Coord|51|10|N|71|26|E|type:city}}",
  "largest_city": "[[Almaty]]",
  "official_languages": "{{unbulleted list |[[Kazakh language|Kazakh]] |small|(official state language)| |[[Russian language|Russian]] |small|(co-official)|ref|[http://adilet.zan.kz/eng/docs/K950001000_ \"Constitution of the Republic of Kazakhstan\"]. zan.kz.|</ref>}} {{small|(official state language)}} {{small|(co-official)|ref|[http://adilet.zan.kz/eng/docs/K950001000_ \"Constitution of the Republic of Kazakhstan\"]. zan.kz.|</ref>}}",
  "languages_type": "[[Official script]]s",
  "languages": "[[Kazakh alphabets#Latin script|Kazakh Latin alphabet]], [[Kazakh alphabets#Cyrillic script|Kazakh Cyrillic alphabet]] (until 2025)",
  "ethnic_groups": "{{unbulleted list\n  | 65.5% [[Kazakhs|Kazakh]]\n  | 21.5% [[Russians in Kazakhstan|Russian]]\n  | 3.0% [[Uzbeks|Uzbek]]\n  | 1.8% [[Ukrainians|Ukrainian]]\n  | 1.4% [[Uyghurs|Uyghur]]\n  | 1.2% [[Tatars|Tatar]]\n  | 1.1% [[Germans|German]]\n  | 4.5% [[Ethnic demography of Kazakhstan|others]]}}",
  "ethnic_groups_year": "2018",
  "religion": "{{unbulleted list\n  | 70.2% [[Muslims]]\n  | 26.3% [[Christians]]\n  | 3.5% others}}",
  "demonym": "Kazakhstani {{efn|Kazakhstani includes all citizens, in contrast to Kazakh, which is the demonym for ethnic [[Kazakhs]].|ref|{{cite book|last1=Schneider|first1=Johann F.|last2=Larsen|first2=Knud S.|last3=Krumov|first3=Krum|last4=Vazow|first4=Grigorii|title=Advances in International Psychology: Research Approaches and Personal Dispositions, Socialization Processes and Organizational Behavior|date=2013|publisher=Kassel university press GmbH|isbn=978-3-86219-454-4|page=164|url=https://books.google.co.uk/books?id=p_TauaCvBdUC|language=en|deadurl=no|archiveurl=https://web.archive.org/web/20180227164424/https://books.google.co.uk/books?id=p_TauaCvBdUC|archivedate=27 February 2018|df=dmy-all}}|</ref>}}",
  "government_type": "[[Unitary state|Unitary]] [[Presidential system|presidential]] [[republic|constitutional republic]]",
  "leader_title1": "[[Security Council of Kazakhstan|Chairman of the Security Council]]",
  "leader_name1": "[[Nursultan Nazarbayev]]",
  "leader_title2": "[[President of Kazakhstan|President]]",
  "leader_name2": "[[Kassym-Jomart Tokayev]]",
  "leader_title3": "[[Prime Minister of Kazakhstan|Prime Minister]]",
  "leader_name3": "[[Askar Mamin]]",
  "leader_title4": "[[Senate of Kazakhstan|Chairman of the Senate]]",
  "leader_name4": "[[Dariga Nazarbayeva]]",
  "legislature": "[[Parliament of Kazakhstan|Parliament]]",
  "upper_house": "[[Senate of Kazakhstan|Senate]]",
  "lower_house": "[[Mazhilis]]",
  "sovereignty_type": "[[History of Kazakhstan|Formation]]",
  "established_event1": "[[Kazakh Khanate]]",
  "established_date1": "1465",
  "established_event2": "[[Alash Autonomy]]",
  "established_date2": "13 December 1917",
  "established_event3": "[[Kirghiz Autonomous Socialist Soviet Republic (1920\u201325)|Kirghiz ASSR]]",
  "established_date3": "26 August 1920",
  "established_event4": "[[Kazakh Autonomous Socialist Soviet Republic|Kazakh ASSR]]",
  "established_date4": "{{nowrap|19 June 1925}}",
  "established_event5": "[[Kazakh Soviet Socialist Republic|Kazakh SSR]]",
  "established_date5": "5 December 1936",
  "established_event6": "Declared Sovereignty",
  "established_date6": "25 October 1990",
  "established_event7": "Reconstituted as the Republic of Kazakhstan",
  "established_date7": "10 December 1991",
  "established_event8": "Declared Independence from the [[Soviet Union|USSR]]",
  "established_date8": "16 December 1991",
  "established_event9": "[[Alma-Ata Protocol|CIS Accession]]",
  "established_date9": "21 December 1991",
  "established_event10": "[[Dissolution of the Soviet Union|Recognized]]",
  "established_date10": "{{nowrap|26 December 1991}}",
  "established_event11": "[[United Nations Security Council Resolution 732|Admitted to the]] [[United Nations]]",
  "established_date11": "2 March 1992",
  "established_event12": "{{nowrap|[[Constitution of Kazakhstan|Current constitution]]}}",
  "established_date12": "30 August 1995",
  "area_km2": "2,724,900",
  "area_rank": "9th",
  "area_sq_mi": "1,052,085",
  "percent_water": "1.7",
  "population_estimate": "{{steady}} 18,448,600",
  "population_estimate_year": "2019",
  "population_estimate_rank": "63rd",
  "population_density_km2": "7",
  "population_density_sq_mi": "18",
  "population_density_rank": "236th",
  "GDP_PPP": "{{increase}} $534.271 billion",
  "GDP_PPP_year": "2019",
  "GDP_PPP_rank": "41st",
  "GDP_PPP_per_capita": "{{increase}} $28,514",
  "GDP_PPP_per_capita_rank": "53rd",
  "GDP_nominal": "{{decrease}} $164.207 billion",
  "GDP_nominal_year": "2019",
  "GDP_nominal_rank": "54th",
  "GDP_nominal_per_capita": "{{decrease}} $8,763",
  "GDP_nominal_per_capita_rank": "71st",
  "Gini": "27.5",
  "Gini_year": "2017",
  "Gini_change": "increase",
  "HDI": "0.800",
  "HDI_year": "2017",
  "HDI_change": "increase",
  "HDI_rank": "58th",
  "currency": "[[Kazakhstani tenge|Tenge]] (\u20b8)",
  "currency_code": "KZT",
  "time_zone": "[[Time in Kazakhstan|West {{\\}} East]]",
  "utc_offset": "[[UTC+05:00|+5]] {{\\}} [[UTC+06:00|+6]]",
  "drives_on": "right",
  "calling_code": "+7-6xx, +7-7xx",
  "cctld": "{{unbulleted list |[[.kz]] |[[.\u049b\u0430\u0437]]}}"
}