{
  "conventional_long_name": "Republic of Latvia",
  "common_name": "Latvia",
  "native_name": "{{native name|lv|Latvijas Republika}}",
  "image_flag": "Flag of Latvia.svg",
  "image_coat": "Coat of Arms of Latvia.svg",
  "national_anthem": "<br />''[[Dievs, sv\u0113t\u012b Latviju!]]''<br /> {{small|''God Bless Latvia!''}} <div style=\"padding-top:0.5em;\">[[File:Latvian National Anthem.ogg|center]]</div>",
  "image_map": "EU-Latvia.svg",
  "map_caption": "{{map_caption |location_color|=|dark green |region|=|Europe |region_color|=|dark grey |subregion|=|the [[European Union]] |subregion_color|=|green |legend|=|EU-Latvia.svg}}",
  "capital": "[[Riga]]",
  "coordinates": "{{Coord|56|57|N|24|6|E|type:city}}",
  "largest_city": "capital",
  "official_languages": "[[Latvian language|Latvian]]<sup>a</sup>",
  "ethnic_groups": "{{unbulleted list\n | 62.2% [[Latvians]]\n | 25.2% [[Russians]]\n | 3.2% [[Belarusians]]\n | 2.2% [[Ukrainians]]\n | 2.1% [[Poles]]\n | 1.2% [[Lithuanians]]\n | 0.3% [[Romani people|Roma]]\n | |nowrap|3.6% [[Demographics of Latvia|Others|\\|<br />Unspecified]]|}} {{nowrap|3.6% [[Demographics of Latvia|Others|\\|<br />Unspecified]]}} {{\\}} <br />Unspecified]]",
  "ethnic_groups_year": "2018",
  "demonym": "Latvian",
  "government_type": "[[Unitary state|Unitary]] [[Parliamentary system|parliamentary]] [[Republic|constitutional republic]]",
  "leader_title1": "[[President of Latvia|President]]",
  "leader_name1": "[[Egils Levits]]",
  "leader_title2": "[[Prime Minister of Latvia|Prime Minister]]",
  "leader_name2": "[[Arturs Kri\u0161j\u0101nis Kari\u0146\u0161|Kri\u0161j\u0101nis Kari\u0146\u0161]]",
  "legislature": "[[Saeima]]",
  "sovereignty_type": "[[History of Latvia|Independence]]",
  "established_event1": "[[On the Restoration of Independence of the Republic of Latvia#Historical and juridical background|Declared]]<sup>b</sup>",
  "established_date1": "18 November 1918",
  "established_event2": "[[On the Restoration of Independence of the Republic of Latvia#Historical and juridical background|Recognised]]",
  "established_date2": "26 January 1921",
  "established_event3": "[[Constitution of Latvia|Constitution adopted]]",
  "established_date3": "7 November 1922",
  "established_event4": "[[Occupation of the Baltic states|Soviet and Nazi occupations]]",
  "established_date4": "1940\u20131991",
  "established_event5": "[[Declaration On the Restoration of Independence of the Republic of Latvia|Announced independence]]",
  "established_date5": "4 May 1990",
  "established_event6": "[[Latvian SSR#1980s-1991|Restored independence]]",
  "established_date6": "[[1991 Soviet coup d'\u00e9tat attempt|21 August 1991]]",
  "established_event7": "Independence recognized by the [[State Council of the Soviet Union|Soviet Union]]",
  "established_date7": "6 September 1991",
  "established_event8": "[[United Nations Security Council Resolution 710|Admitted to the]] [[United Nations]]",
  "established_date8": "17 September 1991",
  "established_event9": "{{nowrap|[[2004 enlargement of the European Union|Joined]] the [[European Union]]}}",
  "established_date9": "1 May 2004",
  "area_km2": "64,589",
  "area_rank": "122nd",
  "area_sq_mi": "24,938",
  "percent_water": "1.57% (1,014 km {{smallsup|2}} )",
  "population_estimate": "1,919,968",
  "population_census": "2,070,371",
  "population_estimate_year": "2018",
  "population_estimate_rank": "148th",
  "population_census_year": "2011",
  "population_density_km2": "34.3",
  "population_density_sq_mi": "88.9",
  "population_density_rank": "166th",
  "GDP_PPP": "$60.509 billion",
  "GDP_PPP_year": "2019",
  "GDP_PPP_per_capita": "$31,215",
  "GDP_nominal": "$35.780 billion",
  "GDP_nominal_year": "2019",
  "GDP_nominal_per_capita": "$18,458",
  "Gini": "35.6",
  "Gini_year": "2018",
  "Gini_change": "increase",
  "HDI": "0.847",
  "HDI_year": "2017",
  "HDI_change": "increase",
  "HDI_rank": "41st",
  "currency": "[[Euro]] ([[Euro sign|\u20ac]])",
  "currency_code": "EUR",
  "time_zone": "[[Eastern European Time|EET]]",
  "utc_offset": "+2",
  "utc_offset_DST": "+3",
  "time_zone_DST": "[[Eastern European Summer Time|EEST]]",
  "drives_on": "right",
  "calling_code": "[[Telephone numbers in Latvia|+371]]",
  "cctld": "[[.lv]]<sup>c</sup>",
  "footnote_a": "[[Latvian language|Latvian]] is the sole official language. [[Livonian language|Livonian]] is considered an [[indigenous language]] and has special legal status. [[Latgalian language|Latgalian]] written language and [[Latvian Sign Language]] also have special legal status.",
  "footnote_b": "Latvia is ''[[de jure]]'' continuous with its declaration of 18 November 1918.",
  "footnote_c": "The [[.eu]] domain is also used, as it is shared with other [[European Union]] member states."
}