{
  "conventional_long_name": "Principality of Liechtenstein",
  "common_name": "Liechtenstein",
  "native_name": "{{native name|de|F\u00fcrstentum Liechtenstein}}",
  "image_flag": "Flag of Liechtenstein.svg",
  "image_coat": "Staatswappen-Liechtensteins.svg",
  "national_motto": "\"F\u00fcr Gott, F\u00fcrst und Vaterland\"<br/> {{small|\"For God, Prince, and Fatherland\"}}",
  "national_anthem": "<center>''[[Oben am jungen Rhein]]''<br/> {{small|(English: \"High on the Young Rhine\")}} <div style=\"padding-top:0.5em;\">[[File:Oben am jungen Rhein, by the U.S. Navy Band.ogg|center]]</div></center>",
  "image_map": "Europe-Liechtenstein.svg",
  "map_caption": "{{map caption |location_color|=|green |region|=|[[Europe]] |region_color|=|dark grey |legend|=|Location Liechtenstein Europe.png}}",
  "image_map2": "Liechtenstein - Location Map (2013) - LIE - UNOCHA.svg",
  "capital": "[[Vaduz]]",
  "largest_settlement": "[[Schaan]]<br /> {{small|coord|47|10|00|N|9|30|35|E|display|=|inline}} {{coord|47|10|00|N|9|30|35|E|display|=|inline}}",
  "largest_settlement_type": "municipality",
  "official_languages": "[[German language|German]]",
  "religion": "[[Roman Catholicism in Liechtenstein|Roman Catholicism]]",
  "demonym": "[[Liechtensteiners|Liechtensteiner]]",
  "government_type": "[[Unitary state|Unitary]] [[Parliamentary system|parliamentary]] [[constitutional monarchy]]",
  "leader_title1": "[[Monarchy of Liechtenstein|Prince]]",
  "leader_name1": "[[Hans-Adam II, Prince of Liechtenstein|Hans-Adam II]]",
  "leader_title2": "[[Prince of Liechtenstein|Regent]]",
  "leader_name2": "[[Alois, Hereditary Prince of Liechtenstein|Alois]]",
  "leader_title3": "[[List of heads of government of Liechtenstein|Prime Minister]]",
  "leader_name3": "[[Adrian Hasler]]",
  "legislature": "[[Landtag of Liechtenstein|Landtag]]",
  "sovereignty_type": "[[Independence]] as [[principality]]",
  "established_event1": "{{nowrap|Union between<br/>[[County of Vaduz|Vaduz]] and<br/>[[Lordship of Schellenberg|Schellenberg]]}}",
  "established_date1": "23 January 1719",
  "established_event2": "{{nowrap|[[Peace of Pressburg (1805)|Treaty of Pressburg]]}}",
  "established_date2": "12 July 1806",
  "established_event3": "{{nowrap|Separation from<br/>[[German Confederation]]}}",
  "established_date3": "24 August 1866",
  "area_km2": "160",
  "area_rank": "191st",
  "area_sq_mi": "61",
  "percent_water": "2.7",
  "population_estimate": "38,547",
  "population_estimate_year": "2017",
  "population_estimate_rank": "190th",
  "population_density_km2": "227",
  "population_density_sq_mi": "587",
  "population_density_rank": "57th",
  "GDP_PPP": "$5.3 billion",
  "GDP_PPP_year": "2013",
  "GDP_PPP_rank": "149th",
  "GDP_PPP_per_capita": "$98,432",
  "GDP_PPP_per_capita_rank": "2nd",
  "GDP_nominal": "$5.155 billion",
  "GDP_nominal_year": "2010",
  "GDP_nominal_rank": "147th",
  "GDP_nominal_per_capita": "$143,151",
  "GDP_nominal_per_capita_rank": "2nd",
  "HDI": "0.916",
  "HDI_year": "2017",
  "HDI_change": "increase",
  "HDI_rank": "17th",
  "currency": "[[Swiss franc]]",
  "currency_code": "CHF",
  "time_zone": "[[Central European Time|CET]]",
  "utc_offset": "+01:00",
  "utc_offset_DST": "+02:00",
  "time_zone_DST": "[[Central European Time|CEST]]",
  "drives_on": "right",
  "calling_code": "[[Telephone numbers in Liechtenstein|+423]]",
  "cctld": "[[.li]]"
}