{
  "conventional_long_name": "Republic of Lithuania",
  "native_name": "{{native name|lt|Lietuvos Respublika}}",
  "common_name": "Lithuania",
  "image_flag": "Flag of Lithuania.svg",
  "alt_flag": "Flag of Lithuania",
  "image_coat": "Coat of Arms of Lithuania.svg",
  "alt_coat": "Coat of Arms of Lithuania",
  "national_anthem": "''[[Tauti\u0161ka giesm\u0117]]''<br />( {{Lang-en|\"National Hymn\"}} )<div style=\"padding-top:0.5em;\">[[File:Tauti\u0161ka giesme instumental.ogg|center]]</div>",
  "image_map": "EU-Lithuania.svg",
  "alt_map": "Locator map of Lithuania",
  "map_caption": "{{map_caption |location_color|=|dark green |region|=|Europe |region_color|=|dark grey |subregion|=|the European Union |subregion_color|=|green |legend|=|EU-Lithuania.svg}}",
  "image_map2": "Lithuania in the world (W3).svg",
  "map_caption2": "Location of Lithuania in the World",
  "capital": "[[Vilnius]]",
  "coordinates": "{{Coord|54|41|N|25|19|E|type:city}}",
  "largest_city": "capital",
  "official_languages": "[[Lithuanian language|Lithuanian]]",
  "languages_type": "Regional",
  "languages_sub": "yes",
  "languages": "[[Polish language|Polish]] [[Russian language|Russian]] [[German language|German]]",
  "ethnic_groups": "{{unbulleted list\n| 84.2% [[Lithuanians]]\n| 6.6% [[Poles]]\n| 5.8% [[Russians]]\n| 1.2% [[Belarusians]]\n| 0.5% [[Ukrainians]]\n| 1.7% [[Ethnic minorities in Lithuania|other]]}}",
  "ethnic_groups_year": "census 2011",
  "demonym": "[[Lithuanians|Lithuanian]]",
  "government_type": "[[Unitary state|Unitary]] [[semi-presidential]] [[republic]]",
  "leader_title1": "[[List of rulers of Lithuania|President]]",
  "leader_name1": "[[Gitanas Naus\u0117da]]",
  "leader_title2": "[[Prime Minister of Lithuania|Prime Minister]]",
  "leader_name2": "[[Saulius Skvernelis]]",
  "leader_title3": "[[Seimas|Seimas Speaker]]",
  "leader_name3": "[[Viktoras Pranckietis]]",
  "legislature": "[[Seimas]]",
  "sovereignty_type": "[[History of Lithuania|Independence]]",
  "established_event1": "{{nowrap|[[Name of Lithuania|First mention of Lithuania]]}}",
  "established_date1": "9 March 1009",
  "established_event2": "[[Grand Duchy of Lithuania]]",
  "established_date2": "1236",
  "established_event3": "Coronation of King [[Mindaugas]]",
  "established_date3": "6 July 1253",
  "established_event4": "[[Union of Krewo|Union with Poland]]",
  "established_date4": "2 February 1386",
  "established_event5": "[[Polish\u2013Lithuanian Commonwealth|Polish\u2013Lithuanian<br />Commonwealth]] created",
  "established_date5": "1 July 1569",
  "established_event6": "[[Partitions of Poland|Partitions of the Commonwealth]]",
  "established_date6": "24 October 1795",
  "established_event7": "{{nowrap|[[Act of Independence of Lithuania|Independence declared]]}}",
  "established_date7": "16 February 1918",
  "established_event8": "[[Soviet occupation of the Baltic states (1940)|1st Soviet occupation]]",
  "established_date8": "15 June 1940",
  "established_event9": "{{nowrap|[[Occupation of Lithuania by Nazi Germany|Nazi German occupation]]}}",
  "established_date9": "22 June 1941",
  "established_event10": "[[Soviet occupation of the Baltic states (1944)|2nd Soviet occupation]]",
  "established_date10": "July 1944",
  "established_event11": "[[Act of the Re-Establishment of the State of Lithuania|Independence restored]]",
  "established_date11": "11 March 1990",
  "established_event12": "[[United Nations Security Council Resolution 711|Admitted]] to the [[United Nations]]",
  "established_date12": "17 September 1991",
  "established_event13": "{{nowrap|[[Enlargement of NATO|Admitted]] to [[NATO]]}}",
  "established_date13": "29 March 2004",
  "established_event14": "{{nowrap|[[2004 enlargement of the European Union|Joined]] the [[European Union]]}}",
  "established_date14": "1 May 2004",
  "area_rank": "121st",
  "area_km2": "65,300",
  "area_sq_mi": "25,212",
  "percent_water": "1.35",
  "population_estimate": "{{increase}} 2,793,397",
  "population_estimate_rank": "137th",
  "population_estimate_year": "2019",
  "population_density_km2": "43",
  "population_density_sq_mi": "111",
  "population_density_rank": "173rd",
  "GDP_PPP": "$102 billion",
  "GDP_PPP_rank": "83rd",
  "GDP_PPP_year": "2019",
  "GDP_PPP_per_capita": "$36,997",
  "GDP_PPP_per_capita_rank": "38th",
  "GDP_nominal": "$54 billion",
  "GDP_nominal_rank": "80th",
  "GDP_nominal_year": "2019",
  "GDP_nominal_per_capita": "$19,748",
  "GDP_nominal_per_capita_rank": "42nd",
  "Gini": "37.6",
  "Gini_year": "2017",
  "Gini_change": "increase",
  "HDI": "0.858",
  "HDI_rank": "35th",
  "HDI_year": "2017",
  "HDI_change": "increase",
  "currency": "[[Euro]] (\u20ac)",
  "currency_code": "EUR",
  "time_zone": "[[Eastern European Time|EET]]",
  "utc_offset": "+2",
  "time_zone_DST": "[[Eastern European Summer Time|EEST]]",
  "utc_offset_DST": "+3",
  "date_format": "yyyy-mm-dd ([[Common Era|CE]])",
  "drives_on": "right",
  "cctld": "[[.lt]]<sup>a</sup>",
  "calling_code": "[[Telephone numbers in Lithuania|+370]]",
  "official_website": "{{URL|http://www.lietuva.lt}}",
  "footnote_a": "Also [[.eu]], shared with other European Union member states."
}