{
  "conventional_long_name": "Republic of Malta",
  "common_name": "Malta",
  "native_name": "{{native name|mt|Repubblika ta' Malta}}",
  "image_flag": "Flag of Malta.svg",
  "image_coat": "Coat of arms of Malta.svg",
  "national_motto": "{{lang|la|Virtute et constantia}} <br /> {{small|\"With strength and consistency\"}}",
  "national_anthem": "{{lang|mt|[[L-Innu Malti]]}} <br /> {{small|''The Maltese Hymn''}} [[File:Malta National Anthem.ogg|centre]]",
  "image_map": "EU-Malta.svg",
  "map_caption": "{{map caption |location_color|=|green circle |region|=|Europe |region_color|=|dark grey |subregion|=|the [[European Union]] |subregion_color|=|light green |legend|=|EU-Malta.svg}}",
  "capital": "[[Valletta]]",
  "coordinates": "{{Coord|35|54|N|14|31|E|type:city}}",
  "largest_settlement": "[[St. Paul's Bay]]",
  "largest_settlement_type": "town",
  "official_languages": "[[Maltese language|Maltese]], {{ref label|e|e}} [[English language|English]]",
  "languages_type": "Other language",
  "languages": "[[Italian language|Italian]] (66% conversational)",
  "ethnic_groups": "{{unbulleted list |79.0% [[Maltese people|Maltese]] |21.0% Non-Maltese|ref label|b|b}} {{ref label|b|b}}",
  "ethnic_groups_year": "2019",
  "religion": "[[Catholicism]]",
  "demonym": "Maltese",
  "government_type": "{{nowrap|[[Unitary state|Unitary]] [[Parliamentary system|parliamentary]]}} [[Republic|constitutional republic]]",
  "leader_title1": "[[President of Malta|President]]",
  "leader_name1": "[[George Vella]]",
  "leader_title2": "[[Prime Minister of Malta|Prime Minister]]",
  "leader_name2": "[[Joseph Muscat]]",
  "legislature": "{{nowrap|[[Parliament of Malta|House of Representatives]]}}",
  "sovereignty_type": "Independence",
  "sovereignty_note": "from the [[United Kingdom]]",
  "established_event1": "State of Malta",
  "established_date1": "21 September 1964",
  "established_event2": "Republic",
  "established_date2": "13 December 1974",
  "area_km2": "316",
  "area_rank": "185th",
  "area_sq_mi": "122",
  "percent_water": "0.001",
  "population_estimate": "{{nowrap|493,559|ref| name=\"Estimated\"|{{cite web |url=https://nso.gov.mt/en/News_Releases/View_by_Unit/Unit_C5/Population_and_Migration_Statistics/Pages/World-Population-Day.aspx}}|</ref>}}",
  "population_census": "416,055",
  "population_estimate_year": "2019",
  "population_estimate_rank": "167",
  "population_census_year": "2011",
  "population_density_km2": "1,457",
  "population_density_sq_mi": "4,077",
  "population_density_rank": "5th",
  "GDP_PPP": "$22.802 &nbsp;billion",
  "GDP_PPP_year": "2019",
  "GDP_PPP_per_capita": "$48,246",
  "GDP_nominal": "$15.134&nbsp;billion",
  "GDP_nominal_year": "2019",
  "GDP_nominal_per_capita": "$32,021",
  "Gini": "28.3",
  "Gini_year": "2017",
  "Gini_change": "decrease",
  "Gini_rank": "15th",
  "HDI": "0.878",
  "HDI_year": "2017",
  "HDI_change": "increase",
  "HDI_rank": "29th",
  "currency": "[[Euro]] ([[Euro sign|\u20ac]]) {{ref label|c|c}}",
  "currency_code": "EUR",
  "time_zone": "Central European Time",
  "utc_offset": "+1",
  "utc_offset_DST": "+2",
  "time_zone_DST": "Central European Summer Time",
  "date_format": "dd/mm/yyyy (AD)",
  "drives_on": "left",
  "calling_code": "+356",
  "patron_saints": "[[Paul the Apostle]], [[Saint Publius]], and [[Agatha of Sicily]]",
  "cctld": "[[.mt]] {{ref label|d|d}}",
  "official_website": "{{url|https://gov.mt/}}",
  "footnote_a": "{{note|a}} Languages other than the mother tongue of [[Maltese language|Maltese]]",
  "footnote_b": "{{note|b}} Maltese nationals as referred to in the 2011 census",
  "footnote_c": "{{note|c}} Maltese lira before 2008",
  "footnote_d": "{{note|d}} Also .eu, shared with other European Union member states",
  "footnote_e": "{{note|e}} Also [[Maltese Sign Language]]"
}