{
  "conventional_long_name": "Montenegro",
  "common_name": "Montenegro",
  "native_name": "{{lang|cnr|\u0426\u0440\u043d\u0430 \u0413\u043e\u0440\u0430}} <br /> ''Crna Gora''",
  "image_flag": "Flag of Montenegro.svg",
  "image_coat": "Coat of arms of Montenegro.svg",
  "national_anthem": "<br />\"[[Oj, svijetla majska zoro]]\"<br />( {{Lang-en|\"Oh, Bright Dawn of May\"}} )<br /><center>[[File:National Anthem of Montenegro.ogg]]</center>",
  "image_map": "Europe-Montenegro.svg",
  "map_caption": "{{map caption |location_color|=|green |region|=|Europe |region_color|=|dark grey|legend|=|Europe-Montenegro.svg}}",
  "image_map2": "Montenegro - Location Map (2013) - MNE - UNOCHA.svg",
  "capital": "[[Podgorica]]",
  "coordinates": "{{Coord|42|47|N|19|28|E|type:city}}",
  "largest_city": "capital",
  "official_languages": "[[Montenegrin language|Montenegrin]] (national) <br /> [[Serbian language|Serbian]], [[Bosnian language|Bosnian]], [[Albanian language|Albanian]], [[Croatian language|Croatian]] (in official use)",
  "languages_type": "[[Writing system]]",
  "languages": "[[Latin script|Latin]], [[Cyrillic script|Cyrillic]]",
  "ethnic_groups": "{{unbulleted list\n | |nowrap|44.5% [[Montenegrins]]|\n | 28.7% [[Serbs of Montenegro|Serbs]]\n | 8.6% [[Bosniaks of Montenegro|Bosniaks]]\n | 4.9% [[Albanians in Montenegro|Albanians]]\n | 0.9% [[Croats of Montenegro|Croats]]\n | 13.6% Others}} {{nowrap|44.5% [[Montenegrins]]}}",
  "ethnic_groups_year": "2011",
  "religion": "{{ublist |item_style|=|white-space:nowrap; |75.93% [[Religion in Montenegro|Christians]] | 19.21% [[Islam in Montenegro|Muslims]] | 3.31% [[Religion in Montenegro|irreligious]] | 3.65% [[Religion in Montenegro|Others]]}}",
  "religion_year": "2011",
  "demonym": "Montenegrin",
  "government_type": "[[Unitary state|Unitary]] [[Dominant-party system|dominant-party]] [[parliamentary system|parliamentary]] [[constitutional republic]]",
  "leader_title1": "[[President of Montenegro|President]]",
  "leader_name1": "[[Milo \u0110ukanovi\u0107]]",
  "leader_title2": "[[Prime Minister of Montenegro|Prime Minister]]",
  "leader_name2": "[[Du\u0161ko Markovi\u0107]]",
  "leader_title3": "[[President of the Parliament of Montenegro|Speaker of Parliament]]",
  "leader_name3": "[[Ivan Brajovi\u0107]]",
  "legislature": "[[Parliament of Montenegro|Skup\u0161tina]]",
  "sovereignty_type": "[[History of Montenegro|Establishment history]]",
  "established_event1": "{{nowrap|Formation of [[Duklja]]}}",
  "established_date1": "625",
  "established_event4": "{{nowrap|[[Kingdom of Zeta]] proclaimed}}",
  "established_date4": "1373",
  "established_event5": "{{nowrap|[[Prince-Bishopric of Montenegro|Prince-Bishopric]] founded}}",
  "established_date5": "1516",
  "established_event7": "[[Principality of Montenegro|Principality]] proclaimed",
  "established_date7": "1852",
  "established_event8": "[[Kingdom of Montenegro|Kingdom]] proclaimed",
  "established_date8": "1910",
  "established_event9": "Formation of [[Kingdom of Yugoslavia|Yugoslavia]]",
  "established_date9": "1918",
  "established_event10": "[[Montenegrin independence referendum, 2006|Independence regained]]",
  "established_date10": "2006",
  "area_rank": "156th",
  "area_km2": "13,812",
  "percent_water": "2.6",
  "population_estimate": "{{increase}} 622,359",
  "population_census": "620,029",
  "population_estimate_year": "January 2018",
  "population_estimate_rank": "163th",
  "population_census_year": "2011",
  "population_density_km2": "45",
  "population_density_sq_mi": "117",
  "population_density_rank": "133st",
  "GDP_PPP": "$12.438&nbsp;billion",
  "GDP_PPP_year": "2019",
  "GDP_PPP_per_capita": "$19,907",
  "GDP_PPP_per_capita_rank": "74th",
  "GDP_nominal": "$5.443&nbsp;billion",
  "GDP_nominal_year": "2019",
  "GDP_nominal_per_capita": "$8,711",
  "GDP_nominal_per_capita_rank": "80th",
  "Gini": "31.9",
  "Gini_year": "2014",
  "Gini_change": "decrease",
  "Gini_rank": "9th",
  "HDI": "0.814",
  "HDI_year": "2017",
  "HDI_change": "increase",
  "HDI_rank": "50th",
  "currency": "[[Euro]] ([[Euro sign|\u20ac]])<sup>a</sup>",
  "currency_code": "EUR",
  "time_zone": "[[Central European Time|CET]]",
  "utc_offset": "+1",
  "utc_offset_DST": "+2",
  "time_zone_DST": "[[Central European Summer Time|CEST]]",
  "drives_on": "right",
  "calling_code": "[[Telephone numbers in Montenegro|+382]]",
  "cctld": "[[.me]]",
  "footnote_a": "[[Montenegro and the euro|Adopted unilaterally]]; Montenegro is not a formal member of the [[Eurozone]]."
}