{
  "conventional_long_name": "Republic of North Macedonia",
  "common_name": "North Macedonia",
  "native_name": "{{nowrap|lang|mk|\u0420\u0435\u043f\u0443\u0431\u043b\u0438\u043a\u0430 \u0421\u0435\u0432\u0435\u0440\u043d\u0430 \u041c\u0430\u043a\u0435\u0434\u043e\u043d\u0438\u0458\u0430}} {{lang|mk|\u0420\u0435\u043f\u0443\u0431\u043b\u0438\u043a\u0430 \u0421\u0435\u0432\u0435\u0440\u043d\u0430 \u041c\u0430\u043a\u0435\u0434\u043e\u043d\u0438\u0458\u0430}} {{small|([[Macedonian language|Macedonian]])}} <br /> {{nowrap|lang|sq|Republika e Maqedonis\u00eb s\u00eb Veriut}} {{lang|sq|Republika e Maqedonis\u00eb s\u00eb Veriut}} {{small|([[Albanian language|Albanian]])}}",
  "image_flag": "Flag of North Macedonia.svg",
  "image_coat": "Coat of arms of Macedonia.svg",
  "symbol_type": "National emblem",
  "national_anthem": "{{native name|mk|[[Denes nad Makedonija|\u0414\u0435\u043d\u0435\u0441 \u043d\u0430\u0434 \u041c\u0430\u043a\u0435\u0434\u043e\u043d\u0438\u0458\u0430]]|nolink|=|yes}} <br />( {{Lang-en|\"Today over Macedonia\"}} )<br />[[File:Macedonia's national anthem (instrumental).ogg|center]]",
  "image_map": "[[File:Europe-Macedonia.svg|upright=1.15|frameless]]",
  "map_caption": "{{map caption |location_color|=|green |region|=|Europe |region_color|=| dark grey |legend|=|Location Macedonia Europe.png}}",
  "capital": "[[Skopje]]",
  "coordinates": "{{Coord|42|0|N|21|26|E|type:city}}",
  "largest_city": "capital",
  "official_languages": "{{plainlist|\n*|nowrap|[[Macedonian language|Macedonian]]|efn|name|=|\"language1\"|\n*|nowrap|[[Albanian language|Albanian]]|efn|name|=|\"language2\"}} {{nowrap|[[Macedonian language|Macedonian]]}} {{efn|name|=|\"language1\"}} * {{nowrap|[[Albanian language|Albanian]]}} {{efn|name|=|\"language2\"}}",
  "languages2_type": "{{ubl|Official regional languages}}",
  "languages2": "{{ubl|[[Turkish language|Turkish]]|ref| name=\"auto1\"|{{cite web |url=http://www.stat.gov.mk/Publikacii/knigaX.pdf |title=Census final data |date=2002 |website=stat.gov.mk}}|</ref>|[[Romani language|Romani]]|[[Serbian language|Serbian]]|[[Bosnian language|Bosnian]]|[[Aromanian language|Aromanian]]}}",
  "ethnic_groups": "{{unbulleted list\n  | 64.2% [[Macedonians (ethnic group)|Macedonians]]|ref| name=\"stat.gov.mk\"|\n  | 25.2% [[Albanians in North Macedonia|Albanians]]\n  |  3.9% [[Turks in North Macedonia|Turks]]\n  |  2.7% [[Romani people in North Macedonia|Romani]]\n  |  1.8% [[Serbs of North Macedonia|Serbs]]\n  |  0.8% [[Bosniaks in North Macedonia|Bosniaks]]\n  |  0.5% [[Aromanians in North Macedonia|Aromanians]]\n  | |nowrap|0.9% other|\\|unspecified|}} {{nowrap|0.9% other|\\|unspecified}} {{\\}} unspecified",
  "ethnic_groups_year": "2002",
  "demonym": "Macedonian",
  "government_type": "[[Unitary state|Unitary]] [[parliamentary republic]]",
  "leader_title1": "[[President of North Macedonia|President]]",
  "leader_name1": "[[Stevo Pendarovski]]",
  "leader_title2": "[[Prime Minister of North Macedonia|Prime Minister]]",
  "leader_name2": "[[Zoran Zaev]]",
  "leader_title3": "[[List of Speakers of the Assembly of the Republic of North Macedonia|Chairman of the Assembly]]",
  "leader_name3": "[[Talat Xhaferi]]",
  "legislature": "[[Assembly of North Macedonia|Assembly]]",
  "sovereignty_type": "History",
  "established_event1": "Independence declared <br /><small>from [[Socialist Federal Republic of Yugoslavia|Yugoslavia]]</small>",
  "established_date1": "8 September 1991",
  "established_event2": "Officially recognised <br /><small>by the United Nations</small>",
  "established_date2": "8 April 1993",
  "established_event3": "Official name changed <br /><small>to Republic of North Macedonia</small>",
  "established_date3": "12 February 2019",
  "area_km2": "25,713",
  "area_rank": "145th",
  "area_sq_mi": "9,779",
  "percent_water": "1.9",
  "population_estimate": "2,103,721",
  "population_census": "2,022,547",
  "population_estimate_year": "2017",
  "population_census_year": "2002",
  "population_density_km2": "80.1",
  "population_density_sq_mi": "210.5",
  "population_density_rank": "122nd",
  "GDP_PPP": "{{nowrap|$33.822&nbsp;billion|ref| name=imf2|{{cite web |date=20 October 2018 |url=https://www.imf.org/external/pubs/ft/weo/2018/02/weodata/weorept.aspx?sy=2018&ey=2019&scsm=1&ssd=1&sort=country&ds=.&br=1&pr1.x=72&pr1.y=8&c=914%2C962%2C943%2C963%2C918%2C960%2C968%2C942%2C961%2C174%2C186%2C967&s=NGDPD%2CPPPGDP%2CNGDPDPC%2CPPPPC&grp=0&a= |title=Report for Selected Countries and Subjects |publisher=IMF}}|</ref>|<!--end nowrap:-->}}",
  "GDP_PPP_year": "2019",
  "GDP_PPP_per_capita": "$16,253",
  "GDP_nominal": "{{nowrap|$12.383&nbsp;billion|ref| name=imf2}}",
  "GDP_nominal_year": "2019",
  "GDP_nominal_per_capita": "$6,143",
  "Gini": "33.6",
  "Gini_year": "2016",
  "Gini_change": "decrease",
  "HDI": "0.757",
  "HDI_year": "2017",
  "HDI_change": "increase",
  "HDI_rank": "80th",
  "currency": "[[Macedonian denar]]",
  "currency_code": "MKD",
  "time_zone": "[[Central European Time|CET]]",
  "utc_offset": "+1",
  "utc_offset_DST": "+2",
  "time_zone_DST": "[[Central European Summer Time|CEST]]",
  "date_format": "dd/mm/yyyy&nbsp;([[Anno Domini|AD]])",
  "drives_on": "right",
  "calling_code": "[[Telephone numbers in North Macedonia|+389]]",
  "patron_saint": "[[Saint Clement of Ohrid]]",
  "iso3166code": "MK",
  "cctld": "{{unbulleted list |[[.mk]] |[[.\u043c\u043a\u0434]]}}"
}