{
  "conventional_long_name": "Republic of Poland",
  "common_name": "Poland",
  "native_name": "{{native name|pl|Rzeczpospolita Polska}}",
  "image_flag": "Flag of Poland.svg",
  "flag_border": "Flag of Poland (normative).svg",
  "image_coat": "Herb Polski.svg",
  "national_anthem": "\"[[D\u0105browski's Mazurka|Mazurek D\u0105browskiego]]\"<br />( {{Lang-en|\"Poland Is Not Yet Lost\"}} )<div style=\"padding-top:0.5em;\">[[File:Mazurek Dabrowskiego.ogg|center]]</div>",
  "image_map": "{{Switcher|[[File:EU-Poland (orthographic projection).svg|frameless]]|Show globe|[[File:EU-Poland.svg|upright=1.15|frameless]]|Show map of Europe|default|=|1}}",
  "map_caption": "{{map caption |location_color|=|dark green |region|=|Europe |region_color|=|dark grey |subregion|=|the [[European Union]] |subregion_color|=|green |legend|=|EU-Poland.svg}}",
  "image_map2": "File:Poland - Location Map (2013) - POL - UNOCHA.svg",
  "capital": "[[Warsaw]]",
  "coordinates": "{{Coord|52|13|N|21|02|E|type:city}}",
  "largest_city": "capital",
  "official_languages": "[[Polish language|Polish]]",
  "languages2_type": "Recognised regional language",
  "languages2": "[[Kashubian language|Kashubian]]",
  "ethnic_groups": "{{unbulleted list\n  | 98% [[Poles|Polish]]|notetag|1|=|Many declared more than one ethnic or national identity. The percentages of ethnic Poles and of minorities depend on how we count. 94.83% declared exclusively Polish identity, 96.88% declared Polish as their first identity and 97.10% as either first or second identity. Around 98% declared [[Poles#Ethnography|some sort of Polish]] as their first identity.|group|=|Note|\n  | 2% [[Poles#National minorities|others or not stated]]}} {{notetag|1|=|Many declared more than one ethnic or national identity. The percentages of ethnic Poles and of minorities depend on how we count. 94.83% declared exclusively Polish identity, 96.88% declared Polish as their first identity and 97.10% as either first or second identity. Around 98% declared [[Poles#Ethnography|some sort of Polish]] as their first identity.|group|=|Note}}",
  "ethnic_groups_year": "2011",
  "religion": "{{ublist |item_style|=|white-space:nowrap; |87.58% [[Roman Catholicism|Roman Catholic]] |7.10% Undeclared |1.28% [[Religion in Poland|Other faiths]] |2.41% [[Irreligion|Irreligious]] |1.63% Not stated}}",
  "religion_year": "2011",
  "demonym": "{{hlist |Polish|Pole}}",
  "government_type": "{{nowrap|[[Unitary state|Unitary]] [[Parliamentary system|parliamentary]]<br />[[Republic|constitutional republic]]}}",
  "leader_title1": "[[President of Poland|President]]",
  "leader_name1": "{{nowrap|[[Andrzej Duda]]}}",
  "leader_title2": "[[Prime Minister of Poland|Prime Minister]]",
  "leader_name2": "[[Mateusz Morawiecki]]",
  "legislature": "[[National Assembly (Poland)|National Assembly]]",
  "upper_house": "[[Senate of Poland|Senate]]",
  "lower_house": "''[[Sejm]]''",
  "sovereignty_type": "[[History of Poland|Formation]]",
  "established_event1": "[[Baptism of Poland]] {{efn|1|=|The adoption of Christianity in Poland is seen by many Poles, regardless of their religious affiliation or lack thereof, as one of the most significant events in their country's history, as it was used to unify the [[Polish tribes]].|ref|{{cite book|url=https://books.google.com/books?id=39SoSG4NGAoC&pg=PA77 |title=Disruptive Religion: The Force of Faith in Social-movement Activism |via=Google Books |author=Christian Smith |publisher=Psychology Press |date=1996 |accessdate=9 September 2013|isbn=978-0-415-91405-5 }}|</ref>}}",
  "established_date1": "14 April 966",
  "established_event2": "{{nowrap|[[Kingdom of Poland (1025\u20131385)|Kingdom of Poland]]}}",
  "established_date2": "18 April 1025",
  "established_event3": "[[Polish-Lithuanian Commonwealth]]",
  "established_date3": "1 July 1569",
  "established_event4": "{{nowrap|[[Partitions of Poland|Third Partition]]}}",
  "established_date4": "24 October 1795",
  "established_event5": "{{nowrap|[[Duchy of Warsaw]]}}",
  "established_date5": "22 July 1807",
  "established_event6": "{{nowrap|[[Congress Poland]]}}",
  "established_date6": "9 June 1815",
  "established_event7": "{{nowrap|[[History of Poland (1918\u20131939)|Second Republic]]}}",
  "established_date7": "11 November 1918",
  "established_event8": "{{nowrap|[[Polish government-in-exile|Government-in-exile]]}}",
  "established_date8": "17 September 1939",
  "established_event9": "{{nowrap|[[Polish People's Republic|People's Republic]]}}",
  "established_date9": "8 April 1945",
  "established_event10": "{{nowrap|[[History of Poland (1989\u2013present)|Third Republic]]}}",
  "established_date10": "13 September 1989",
  "established_event11": "{{nowrap|[[2004 enlargement of the European Union|Accession to the]] [[European Union|EU]]}}",
  "established_date11": "1 May 2004",
  "area_km2": "312696",
  "area_footnote": "{{efn|1|=|The area of Poland, as given by the Central Statistical Office, is |convert|312679|km2|sqmi|abbr|=|on|, of which |convert|311888|km2|sqmi|abbr|=|on| is land and |convert|791|km2|sqmi|abbr|=|on| is internal water surface area.|ref| name=\"CSO_2008\"}} {{convert|312679|km2|sqmi|abbr|=|on}} , of which {{convert|311888|km2|sqmi|abbr|=|on}} is land and {{convert|791|km2|sqmi|abbr|=|on}} is internal water surface area.",
  "area_rank": "69th",
  "area_sq_mi": "120,696.41",
  "percent_water": "3.07",
  "population_estimate": "{{increase}} 38,433,600",
  "population_estimate_year": "31 December 2017",
  "population_estimate_rank": "35th",
  "population_density_km2": "123",
  "population_density_sq_mi": "319.9",
  "population_density_rank": "83rd",
  "GDP_PPP": "{{increase}} $1.281 trillion",
  "GDP_PPP_year": "2019",
  "GDP_PPP_rank": "22nd",
  "GDP_PPP_per_capita": "{{increase}} $33,747",
  "GDP_PPP_per_capita_rank": "43rd",
  "GDP_nominal": "{{increase}} $593.295 billion",
  "GDP_nominal_year": "2019",
  "GDP_nominal_rank": "20th",
  "GDP_nominal_per_capita": "{{increase}} $15,629",
  "GDP_nominal_per_capita_rank": "54th",
  "Gini": "29.2",
  "Gini_year": "2017",
  "Gini_change": "decrease",
  "HDI": "0.865",
  "HDI_year": "2017",
  "HDI_change": "increase",
  "HDI_rank": "33rd",
  "currency": "[[Polish z\u0142oty]]",
  "currency_code": "PLN",
  "time_zone": "[[Central European Time|CET]]",
  "utc_offset": "+1",
  "utc_offset_DST": "+2",
  "time_zone_DST": "[[Central European Summer Time|CEST]]",
  "drives_on": "right",
  "calling_code": "[[Telephone numbers in Poland|+48]]",
  "cctld": "[[.pl]]",
  "official_website": "[https://poland.pl/ poland.pl]"
}