{
  "conventional_long_name": "Romania",
  "common_name": "Romania",
  "native_name": "{{native name|ro|Rom\u00e2nia}}",
  "image_flag": "Flag of Romania.svg",
  "image_coat": "Coat of arms of Romania.svg",
  "national_anthem": "\"[[De\u0219teapt\u0103-te, rom\u00e2ne!]]\"<br />( {{Lang-en|\"Awaken thee, Romanian!\"}} )<br />[[File:Desteapta-te, romane!.ogg|center]]",
  "image_map": "{{Switcher|[[File:EU-Romania (orthographic projection).svg|frameless]]|Show globe|[[File:EU-Romania.svg|upright=1.15|frameless]]|Show map of Europe|default|=|1}}",
  "map_caption": "{{map caption|location_color|=|dark green|region|=|Europe|region_color|=|dark grey|subregion|=|the [[European Union]]|subregion_color|=|green|legend|=|EU-Romania.svg}}",
  "capital": "[[Bucharest]]",
  "coordinates": "{{Coord|44|25|N|26|06|E|type:city}}",
  "largest_city": "capital",
  "official_languages": "[[Romanian language|Romanian]]",
  "languages2_type": "Recognised minority<br />languages",
  "languages2": "{{Collapsible list\n |titlestyle|=|background:transparent;text-align:left;font-weight:normal;\n |title|=| ''See here''\n |[[Albanian language|Albanian]]\n |[[Armenian language|Armenian]]\n |[[Bulgarian language|Bulgarian]]\n |[[Czech language|Czech]]\n |[[German language|German]]\n |[[Greek language|Greek]]\n |[[Italian language|Italian]]\n |[[Yiddish]]\n |[[Macedonian language|Macedonian]]\n |[[Hungarian language|Hungarian]]\n |[[Polish language|Polish]]\n |[[Romani language|Romani]]\n |[[Russian language|Russian]]\n |[[Ruthenian language|Ruthenian]]\n |[[Serbian language|Serbian]]\n |[[Slovak language|Slovak]]\n |[[Crimean Tatar language|Tatar]]\n |[[Turkish language|Turkish]]\n |[[Ukrainian language|Ukrainian]]}}",
  "ethnic_groups": "{{unbulleted list\n  | 88.9% [[Romanians]]\n  |  6.1% [[Hungarians in Romania|Hungarians]]\n  |  3.3% [[Romani people in Romania|Romani]]\n  |  0.2% [[Ukrainians of Romania|Ukrainians]]\n  |  0.2% [[Germans of Romania|Germans]]}}",
  "ethnic_groups_year": "2011",
  "demonym": "[[Romanians|Romanian]]",
  "government_type": "[[Unitary state|Unitary]] [[Semi-presidential system|semi-presidential]]<br />[[republic]]",
  "leader_title1": "[[President of Romania|President]]",
  "leader_name1": "[[Klaus Iohannis]]",
  "leader_title2": "[[Prime Minister of Romania|Prime Minister]]",
  "leader_name2": "[[Viorica D\u0103ncil\u0103]]",
  "legislature": "[[Parliament of Romania|Parliament]]",
  "upper_house": "[[Senate of Romania|Senate]]",
  "lower_house": "[[Chamber of Deputies (Romania)|Chamber of Deputies]]",
  "sovereignty_type": "[[History of Romania|Establishment history]]",
  "established_event1": "First Romanian polities",
  "established_date1": "{{circa}} 895 / 1247<sup>a</sup>",
  "established_event2": "[[Wallachia|Principality of Wallachia]]",
  "established_date2": "1330",
  "established_event3": "[[Moldavia|Principality of Moldavia]]",
  "established_date3": "{{circa}} 1360",
  "established_event4": "[[Principality of Transylvania (1570\u20131711)|Principality of Transylvania]]",
  "established_date4": "1570",
  "established_event5": "First [[personal union|common rule]] under [[Michael the Brave]]",
  "established_date5": "1600",
  "established_event6": "[[United Principalities]]<sup>b</sup>",
  "established_date6": "24 January 1859",
  "established_event7": "[[Romanian War of Independence|Independence]] from<br />the [[Ottoman Empire]]",
  "established_date7": "9 May 1877 {{\\}} 1878<sup>c</sup>",
  "established_event8": "[[Kingdom of Romania]]",
  "established_date8": "14 March 1881",
  "established_event9": "[[Greater Romania]]<sup>d</sup>",
  "established_date9": "1918 / 1920<sup>e</sup>",
  "area_km2": "238,397",
  "area_rank": "81st",
  "area_sq_mi": "92,043",
  "percent_water": "3",
  "population_estimate": "{{decrease}} 19,401,658",
  "population_census": "20,121,641",
  "population_estimate_year": "2019",
  "population_estimate_rank": "59th",
  "population_census_year": "2011",
  "population_census_rank": "58th",
  "population_density_km2": "84.4",
  "population_density_sq_mi": "218.6",
  "population_density_rank": "117th",
  "GDP_PPP": "$541.807 billion",
  "GDP_PPP_year": "2019",
  "GDP_PPP_rank": "40th",
  "GDP_PPP_per_capita": "$27,753",
  "GDP_PPP_per_capita_rank": "54th",
  "GDP_nominal": "$244.158 billion",
  "GDP_nominal_year": "2019",
  "GDP_nominal_rank": "46th",
  "GDP_nominal_per_capita": "$12,506",
  "GDP_nominal_per_capita_rank": "57th",
  "Gini": "35.1",
  "Gini_year": "2018",
  "Gini_change": "increase",
  "HDI": "0.811",
  "HDI_year": "2017",
  "HDI_change": "increase",
  "HDI_rank": "52nd",
  "currency": "[[Romanian Leu]]",
  "currency_code": "RON",
  "time_zone": "[[Eastern European Time|EET]]",
  "utc_offset": "+2",
  "utc_offset_DST": "+3",
  "time_zone_DST": "[[Eastern European Summer Time|EEST]]",
  "date_format": "dd.mm.yyyy&nbsp;([[Anno Domini|AD]])",
  "drives_on": "right",
  "calling_code": "[[Telephone numbers in Romania|+40]]",
  "patron_saint": "[[Andrew the Apostle|Saint Andrew]]",
  "iso3166code": "RO",
  "cctld": "[[.ro]]<sup>f</sup>",
  "footnote_a": "A Vlach duke ruling Transylvania around 895, [[Gelou]], is mentioned alongside [[Glad (duke)|Glad]] and [[Menumorut]] in the late-12th-century ''[[Gesta Hungarorum]]'' (the reliability of which is debated); a 1247 royal charter, known as the [[Diploma of the Joannites]], mentions four Romanian ''[[Knez (Vlach leader)|keneziates]]'' (or polities) in Muntenia and Oltenia.",
  "footnote_b": "The double election of [[Alexandru Ioan Cuza]] in [[Moldavia]] and [[Wallachia]] (respectively, 5 and 24 January 1859).",
  "footnote_c": "Independence proclaimed on 9 May 1877, internationally recognized in 1878.",
  "footnote_d": "Romania in the interwar period, following the [[Union of Transylvania with Romania|proclamation of the union]] in 1918 including [[Bessarabia]], [[Bukovina]], [[Transylvania]], parts of [[Banat]], [[Cri\u0219ana]] and [[Maramure\u0219]], established after the [[Paris Peace Conference, 1919|Paris Peace Conference]] closing [[World War I]] in 1920.",
  "footnote_e": "Monarchy was abolished on 30 December 1947 upon the proclamation of the [[Socialist Republic of Romania|People's Republic]] and was changed with the [[1965 Constitution of Romania|new constitution]] upon its adoption on 21 August 1965 as the Socialist Republic. The Communist regime [[Romanian Revolution|fell]] on 22 December 1989, the new democratic government was installed on 20 May 1990 and the new post-communist [[Constitution of Romania|constitution]] was adopted on 21 November 1991. Romania joined the [[European Union]] on 1 January 2007.",
  "footnote_f": "Also [[.eu]], shared with other [[European Union]] member states."
}