{
  "conventional_long_name": "Russian Federation",
  "common_name": "Russia",
  "linking_name": "Russia",
  "native_name": "{{ubl|native name|ru|\u0420\u043e\u0441\u0441\u0438\u0301\u0439\u0441\u043a\u0430\u044f \u0424\u0435\u0434\u0435\u0440\u0430\u0301\u0446\u0438\u044f|italics|=|off|''Rossiyskaya Federatsiya''}} {{native name|ru|\u0420\u043e\u0441\u0441\u0438\u0301\u0439\u0441\u043a\u0430\u044f \u0424\u0435\u0434\u0435\u0440\u0430\u0301\u0446\u0438\u044f|italics|=|off}}",
  "image_flag": "Flag of Russia.svg",
  "image_coat": "Coat of Arms of the Russian Federation.svg",
  "national_anthem": "<br />''[[National anthem of Russia|\"\u0413\u043e\u0441\u0443\u0434\u0430\u0440\u0441\u0442\u0432\u0435\u043d\u043d\u044b\u0439 \u0433\u0438\u043c\u043d<br />\u0420\u043e\u0441\u0441\u0438\u0439\u0441\u043a\u043e\u0439 \u0424\u0435\u0434\u0435\u0440\u0430\u0446\u0438\u0438\"]]''<br /> {{small|([[Romanization of Russian|tr.]])}} {{small|''\"Gosudarstvenny gimn<br />Rossiyskoy Federatsii\"''}} <br /> {{small|\"State Anthem of the Russian Federation\"}} <br />[[File:National Anthem of Russia (2000), instrumental, one verse.ogg|center]]",
  "image_map": "File:Russian Federation 2014 (orthographic projection) with Crimea.svg",
  "map_width": "220px",
  "map_caption": "Location of Russia including Crimea (green) {{refn|group|=|note|The Crimean Peninsula, claimed and de facto [[Annexation of Crimea by the Russian Federation|administered]] by Russia, is [[United Nations General Assembly Resolution 68/262|recognized]] as territory of [[Ukraine]] by a majority of UN member nations.|ref|{{cite news|last=Taylor|first=Adam|title=Crimea has joined the ranks of the world's 'gray areas.' Here are the others on that list.|url=https://www.washingtonpost.com/blogs/worldviews/wp/2014/03/22/crimea-has-joined-the-ranks-of-the-worlds-gray-areas-here-are-the-others-on-that-list/|newspaper=The Washington Post|accessdate=March 27, 2014|date=March 22, 2014}}|</ref>}}",
  "capital": "[[Moscow]]",
  "coordinates": "{{Coord|55|45|N|37|37|E|type:city}}",
  "largest_city": "capital",
  "languages_type": "Official language<br /> {{nobold|and national language}}",
  "languages": "[[Russian language|Russian]]",
  "languages2_type": "{{nobold|Recognised}} {{nowrap|[[national language]]s}}",
  "languages2": "See [[Languages of Russia]]",
  "ethnic_groups": "{{unbulleted list\n | 81.0% [[Russians|Russian]]\n | 3.7% [[Tatars|Tatar]]\n | 1.4% [[Ukrainians in Russia|Ukrainian]]\n | 1.2% [[Armenians|Armenian]]\n | 1.1% [[Bashkirs|Bashkir]]\n | 1.0% [[Chuvash people|Chuvash]]\n |  | |nowrap|11.0% others|\\|unspecified|}} {{nowrap|11.0% others|\\|unspecified}} {{\\}} unspecified",
  "ethnic_groups_year": "2010",
  "demonym": "[[Russians|Russian]]",
  "government_type": "[[Federalism#Russian Federation|Federal]] [[dominant-party]] [[semi-presidential]] [[constitutional republic]]",
  "leader_title1": "[[President of Russia|President]]",
  "leader_name1": "[[Vladimir Putin]]",
  "leader_title2": "[[Prime Minister of Russia|Prime Minister]]",
  "leader_name2": "[[Dmitry Medvedev]]",
  "leader_title3": "[[Chairman of the Federation Council (Russia)|Chairman of the Federation Council]]",
  "leader_name3": "[[Valentina Matviyenko]]",
  "leader_title4": "[[Chairman of the State Duma]]",
  "leader_name4": "[[Vyacheslav Volodin]]",
  "legislature": "[[Federal Assembly (Russia)|Federal Assembly]]",
  "upper_house": "[[Federation Council (Russia)|Federation Council]]",
  "lower_house": "[[State Duma]]",
  "sovereignty_type": "[[History of Russia|Formation]]",
  "established_event1": "Arrival<br />of [[Rurik]]",
  "established_date1": "862",
  "established_event2": "[[Kievan Rus']]<br />formed",
  "established_date2": "882",
  "established_event3": "Moscow becomes the [[Grand Duchy of Moscow|Grand Duchy]]",
  "established_date3": "1283",
  "established_event4": "[[Tsardom of Russia|Tsardom]]<br />proclaimed",
  "established_date4": "16 January 1547",
  "established_event5": "[[Russian Empire|Empire]]<br />proclaimed",
  "established_date5": "22 October 1721",
  "established_event6": "[[Russian Republic|Republic]]<br />proclaimed",
  "established_date6": "14 September 1917",
  "established_event7": "[[Russian Soviet Federative Socialist Republic|Soviet rule]]<br />[[October Revolution|established]]",
  "established_date7": "7 November 1917",
  "established_event8": "[[Soviet Union]]<br />[[Treaty on the Creation of the USSR|formed]]",
  "established_date8": "30 December 1922",
  "established_event9": "[[Declaration of State Sovereignty of the Russian Soviet Federative Socialist Republic|Constitutional<br />reform]]",
  "established_date9": "12 June 1990",
  "established_event10": "[[Belavezha Accords|Belavezha<br />Accords]]",
  "established_date10": "8 December 1991 {{Efn|The [[Supreme Soviet of Russia|Supreme Soviet of the Russian SFSR]] ratified the accords on 12 December, denouncing the 1922 treaty.}}",
  "established_event11": "[[Dissolution of the Soviet Union|Accords<br />effective]]",
  "established_date11": "26 December 1991 {{Efn|On 25 December, Russian SFSR was renamed the Russian Federation and the following day the [[Supreme Soviet of the Soviet Union]] ratified the accords, effectively dissolving the Soviet Union.}}",
  "established_event12": "[[Constitution of Russia|Current<br />constitution]]",
  "established_date12": "12 December 1993",
  "established_event13": "[[Union State]] with<br />[[Belarus]] formed",
  "established_date13": "2 April 1996",
  "area_km2": "17098246",
  "area_footnote": "(without Crimea) {{Refn|group|=|note|name|=|\"Areanote\"|When including the [[Republic of Crimea]] and [[Sevastopol]], the total area of Russia rises to |convinfobox|17125191|km2|sqmi|ref|{{cite web|url=https://rosreestr.ru/upload/Doc/18-upr/%D0%A1%D0%B2%D0%B5%D0%B4%D0%B5%D0%BD%D0%B8%D1%8F%20%D0%BF%D0%BE%20%D1%84.22%20%D0%B7%D0%B0%202016%20%D0%B3%D0%BE%D0%B4%20(%D0%BF%D0%BE%20%D1%81%D1%83%D0%B1%D1%8A%D0%B5%D0%BA%D1%82%D0%B0%D0%BC%20%D0%A0%D0%A4)_%D0%BD%D0%B0%20%D1%81%D0%B0%D0%B9%D1%82.doc |script-title=ru:\u0421\u0432\u0435\u0434\u0435\u043d\u0438\u044f \u043e \u043d\u0430\u043b\u0438\u0447\u0438\u0438 \u0438 \u0440\u0430\u0441\u043f\u0440\u0435\u0434\u0435\u043b\u0435\u043d\u0438\u0438 \u0437\u0435\u043c\u0435\u043b\u044c \u0432 \u0420\u043e\u0441\u0441\u0438\u0439\u0441\u043a\u043e\u0439 \u0424\u0435\u0434\u0435\u0440\u0430\u0446\u0438\u0438 \u043d\u0430 1 January 2017 (\u0432 \u0440\u0430\u0437\u0440\u0435\u0437\u0435 \u0441\u0443\u0431\u044a\u0435\u043a\u0442\u043e\u0432 \u0420\u043e\u0441\u0441\u0438\u0439\u0441\u043a\u043e\u0439 \u0424\u0435\u0434\u0435\u0440\u0430\u0446\u0438\u0438)|title=Information about avaliability and distribution of land in the Russian Federation as of 1 January 2017 (by federal subjects of Russia|website=[[Rosreestr]]}}|</ref>}} {{convinfobox|17125191|km2|sqmi}}",
  "area_rank": "1st",
  "percent_water": "13 &nbsp; {{small|(including swamps)}}",
  "population_estimate": "{{increase}} 146,793,744&nbsp; {{small|(including [[Crimea]])}}",
  "population_estimate_year": "2019",
  "population_estimate_rank": "9th",
  "population_density_km2": "8.4",
  "population_density_sq_mi": "21.5",
  "population_density_rank": "225th",
  "GDP_PPP": "$4.357 trillion",
  "GDP_PPP_year": "2019",
  "GDP_PPP_rank": "6th",
  "GDP_PPP_per_capita": "$30,284",
  "GDP_PPP_per_capita_rank": "49th",
  "GDP_nominal": "$1.610 trillion",
  "GDP_nominal_year": "2019",
  "GDP_nominal_rank": "11th",
  "GDP_nominal_per_capita": "$11,191",
  "GDP_nominal_per_capita_rank": "60th",
  "Gini": "37.7",
  "Gini_year": "2015",
  "Gini_change": "decrease",
  "Gini_rank": "98th",
  "HDI": "0.816",
  "HDI_year": "2017",
  "HDI_change": "increase",
  "HDI_rank": "49th",
  "currency": "[[Russian ruble]] ([[Ruble sign|\u20bd]])",
  "currency_code": "RUB",
  "utc_offset": "+2 to +12",
  "date_format": "dd.mm.yyyy",
  "drives_on": "right",
  "calling_code": "[[Telephone numbers in Russia|+7]]",
  "cctld": "{{unbulleted list |[[.ru]] |[[.su]] |[[.\u0440\u0444]]}}",
  "religion": "[[Religion in Russia|See ''Religion in Russia'']]"
}