{
  "conventional_long_name": "Slovak Republic",
  "native_name": "{{native name|sk|Slovensk\u00e1 republika}}",
  "common_name": "Slovakia",
  "image_flag": "Flag of Slovakia.svg",
  "image_coat": "Coat of Arms of Slovakia.svg",
  "image_map": "EU-Slovakia.svg",
  "map_caption": "{{map caption |location_color|=|dark green |region|=|Europe |region_color|=|dark grey |subregion|=|the [[European Union]] |subregion_color|=|green |legend|=|EU-Slovakia.svg}}",
  "image_map2": "Slovakia in the world (W3).svg",
  "map_caption2": "Location of Slovakia in the world",
  "national_anthem": "\" {{lang|sk|[[Nad Tatrou sa bl\u00fdska]]|italic|=|no}} \"<br /> {{raise|0.1em|(|Lang-en|\"Lightning Over the Tatras\"|)}} <div style=\"padding-top:0.5em;\">[[File:National anthem of Slovakia, performed by the United States Navy Band.ogg|center]]</div> {{Lang-en|\"Lightning Over the Tatras\"}} )",
  "official_languages": "[[Slovak language|Slovak]]",
  "demonym": "[[Slovaks|Slovak]]",
  "ethnic_groups": "{{unbulleted list\n  |80.7% [[Slovaks]]\n  |8.5% [[Hungarians in Slovakia|Hungarians]]\n  |2.0% [[Roma in Slovakia|Roma]]\n  |0.6% [[Czechs]]\n  |0.6% [[Rusyns]]\n  |0.1% [[Ukrainians]]\n  |0.1% [[Germans]]\n  |0.1% [[Poles]]\n  |0.1% [[Moravians]]\n  |7.2% Unspecified}}",
  "ethnic_groups_year": "2011",
  "capital": "[[Bratislava]]",
  "coordinates": "{{Coord|48|09|N|17|07|E|type:city}}",
  "largest_city": "capital",
  "government_type": "{{nowrap|[[Unitary state|Unitary]] [[Parliamentary system|parliamentary]]}} [[republic]]",
  "leader_title1": "[[President of Slovakia|President]]",
  "leader_name1": "[[Zuzana \u010caputov\u00e1]]",
  "leader_title2": "[[Prime Minister of Slovakia|Prime Minister]]",
  "leader_name2": "[[Peter Pellegrini]]",
  "leader_title3": "[[Speaker of the National Council of the Slovak Republic|Speaker]]",
  "leader_name3": "[[Andrej Danko]]",
  "legislature": "[[National Council (Slovakia)|National Council]]",
  "area_rank": "127th",
  "area_km2": "49,035",
  "area_sq_mi": "18,932",
  "percent_water": "0.0789",
  "population_estimate": "{{increase}} 5,450,421",
  "population_estimate_rank": "116th",
  "population_estimate_year": "2018",
  "population_census": "5,397,036",
  "population_census_year": "2011",
  "population_density_km2": "111",
  "population_density_sq_mi": "287",
  "population_density_rank": "88th",
  "GDP_PPP": "$201.799 billion",
  "GDP_PPP_rank": "68th",
  "GDP_PPP_year": "2019",
  "GDP_PPP_per_capita": "$37,021",
  "GDP_PPP_per_capita_rank": "37th",
  "GDP_nominal": "$109.863 billion",
  "GDP_nominal_rank": "61st",
  "GDP_nominal_year": "2019",
  "GDP_nominal_per_capita": "$20,155",
  "GDP_nominal_per_capita_rank": "41st",
  "sovereignty_type": "[[Independence]]",
  "established_event1": "{{longitem|style|=|line-height:1.15em; |nowrap|from [[Austria\u2013Hungary]]<br />|small|(as part of [[First Czechoslovak Republic|Czechoslovakia]])}} {{nowrap|from [[Austria\u2013Hungary]]<br />|small|(as part of [[First Czechoslovak Republic|Czechoslovakia]])}} {{small|(as part of [[First Czechoslovak Republic|Czechoslovakia]])}}",
  "established_date1": "28 October 1918",
  "established_event2": "{{ill|autonomous Land of Slovakia|cs|Slovensk\u00e1 autonomn\u00ed zem\u011b}} {{small|(within [[Second Czechoslovak Republic]])}}",
  "established_date2": "23 November 1938",
  "established_event3": "[[Slovak Republic (1939\u20131945)|First Slovak Republic]] {{small|(client state of [[Nazi Germany]])}}",
  "established_date3": "14 March 1939",
  "established_event4": "[[Slovak Socialist Republic]] {{small|(within [[Czechoslovak Socialist Republic|Czechoslovak Federation]])}}",
  "established_date4": "1 January 1969",
  "established_event5": "{{nowrap|Slovak Republic}} {{small|(change of name within [[Czech and Slovak Federal Republic|Czechoslovak Federation]])}}",
  "established_date5": "1 March 1990",
  "established_event6": "{{nowrap|[[Dissolution of Czechoslovakia|from]] [[Czech and Slovak Federal Republic|Czechoslovakia]]}}",
  "established_date6": "1 January 1993<sup>a</sup>",
  "established_event7": "{{nowrap|[[2004 enlargement of the European Union|Joined]] the [[European Union]]}}",
  "established_date7": "1 May 2004",
  "Gini_year": "2017",
  "Gini_change": "decrease",
  "Gini": "23.2",
  "Gini_rank": "8th",
  "HDI_year": "2017",
  "HDI_change": "increase",
  "HDI": "0.855",
  "HDI_rank": "38th",
  "currency": "Euro ([[Euro sign|\u20ac]])",
  "currency_code": "EUR",
  "time_zone": "[[Central European Time|CET]]",
  "utc_offset": "+1",
  "time_zone_DST": "[[Central European Summer Time|CEST]]",
  "utc_offset_DST": "+2",
  "drives_on": "right",
  "patron_saint": "[[Saints Cyril and Methodius]]<br />[[Our Lady of the Seven Sorrows|Our Lady of Sorrows]]",
  "calling_code": "[[Telephone numbers in Slovakia|+421]]<sup>c</sup>",
  "cctld": "[[.sk]] and [[.eu]]",
  "footnote_a": "[[Czechoslovakia]] split into the Czech Republic and Slovakia; see [[Dissolution of Czechoslovakia|Velvet Divorce]].",
  "footnote_b": "[[Slovak koruna]] before 2009.",
  "footnote_c": "Shared code 42 with Czech Republic until 1997."
}