{
  "common_name": "United Kingdom",
  "linking_name": "the United Kingdom",
  "conventional_long_name": "United Kingdom of Great Britain and Northern Ireland",
  "image_flag": "Flag of the United Kingdom.svg",
  "alt_flag": "A flag featuring both cross and saltire in red, white and blue",
  "image_coat": "Royal Coat of Arms of the United Kingdom.svg",
  "symbol_width": "90px",
  "alt_coat": "Coat of arms containing shield and crown in centre, flanked by lion and unicorn",
  "symbol_type": "[[Royal coat of arms of the United Kingdom|Royal coat of arms]] {{shy}} {{#tag:ref |An alternative variant of the Royal coat of arms is used in Scotland: [[:File:Royal Coat of Arms of the United Kingdom (Scotland).svg|[click to view image]]].|group|=|note}}",
  "national_anthem": "\"[[God Save the Queen]]\" {{#tag:ref |There is no authorised version of the national anthem as the words are a matter of tradition; only the first verse is usually sung.|ref|{{cite web |title=National Anthem |url=https://www.royal.uk/national-anthem |website=Official web site of the British Royal Family |accessdate=4 June 2016|date=15 January 2016 }}|</ref>| No law was passed making \"God Save the Queen\" the official anthem. In the English tradition, such laws are not necessary; proclamation and usage are sufficient to make it the national anthem. \"God Save the Queen\" also serves as the [[Honors music|Royal anthem]] for certain [[Commonwealth realms]]. The words ''Queen, she, her'', used at present (in the reign of Elizabeth II), are replaced by ''King, he, him'' when the monarch is male. |group|=|note}} <br /><div style=\"display:inline-block;margin-top:0.4em;\">[[File:United States Navy Band - God Save the Queen.ogg]]</div> No law was passed making \"God Save the Queen\" the official anthem. In the English tradition, such laws are not necessary; proclamation and usage are sufficient to make it the national anthem. \"God Save the Queen\" also serves as the [[Honors music|Royal anthem]] for certain [[Commonwealth realms]]. The words ''Queen, she, her'', used at present (in the reign of Elizabeth II), are replaced by ''King, he, him'' when the monarch is male.",
  "image_map": "{{Switcher|[[File:EU-United Kingdom (orthographic projection).svg|frameless]]|Show globe|[[File:EU-United Kingdom.svg|upright=1.15|frameless]]|Show map of Europe|default|=|1}}",
  "alt_map": "Two islands to the north-west of continental Europe. Highlighted are the larger island and the north-eastern fifth of the smaller island to the west.",
  "map_caption": "{{map_caption |countryprefix|=|the |location_color|=|dark green |region|=|Europe |region_color|=|dark grey |subregion|=|the [[European&nbsp;Union]] |subregion_color|=|green}}",
  "image_map2": "{{collapsible list\n | titlestyle |=| background:transparent;text-align:center;line-height:normal;font-weight:normal;\n | title |=| Location of the United Kingdom,<br /> [[Crown dependencies]] and<br /> [[British Overseas Territories]] (red)\n | liststyle |=| text-align:center;|<!--Note: fixes map left-aligning on mobile -->|\n | [[File:United Kingdom (+overseas territories and crown dependencies) in the World (+Antarctica claims).svg|frameless|upright=1.15]]}}",
  "capital": "[[London]]",
  "coordinates": "{{Coord|51|30|N|0|7|W|type:city}}",
  "largest_city": "capital",
  "languages_type": "Official language<br /> {{nobold|and national language}}",
  "languages": "[[English language|English]]",
  "languages2_type": "Recognised regional or minority languages {{#tag:ref |Under the [[Council of Europe]]'s [[European Charter for Regional or Minority Languages]], Scots, Ulster Scots, Welsh, Cornish, Scottish Gaelic and Irish are officially recognised as [[Regional language|regional]] or [[Minority language|minority]] languages by the [[Government of the United Kingdom|British Government]] for the purposes of the Charter.|ref| name=\"reglang\"|{{cite web |url=http://conventions.coe.int/treaty/Commun/ListeDeclarations.asp?CL=ENG&NT=148&VL=1 |title=List of declarations made with respect to treaty No. 148 |publisher=[[Council of Europe]] |accessdate=12 December 2013}}|</ref>| In addition, the Government provides some services and publishes documents in Welsh.|ref|{{cite web|url=https://www.gov.uk/guidance/content-design/welsh-language-on-gov-uk|title=Welsh language on GOV.UK \u2013 Content design: planning, writing and managing content \u2013 Guidance |website=www.gov.uk|accessdate=3 August 2018}}|</ref>|ref|{{Cite news|url=https://www.gov.uk/government/organisations/department-for-transport/about/welsh-language-scheme|title=Welsh language scheme|work=GOV.UK|accessdate=3 August 2018}}|</ref>|ref|{{Cite news|url=https://www.gov.uk/government/organisations/home-office/about/welsh-language-scheme|title=Welsh language scheme|work=GOV.UK|accessdate=3 August 2018}}|</ref>| See also [[Languages of the United Kingdom]]. |group|=|note|<!--(end #tag:)-->}} In addition, the Government provides some services and publishes documents in Welsh. See also [[Languages of the United Kingdom]].",
  "languages2": "{{hlist\n| <!--Anglo-->\n|  | [[Scots language|Scots]]\n  | [[Ulster Scots dialects|Ulster Scots]]\n| <!--Brittonic-->\n|  | [[Welsh language|Welsh]]\n  | [[Cornish language|Cornish]]\n| <!--Goidelic-->\n|  | [[Scottish Gaelic]]|<!--Keep \"Scottish Gaelic\"; people will find \"Gaelic\" confusing, as the Irish language is also commonly called \"Gaelic\"-->|\n  | [[Irish language|Irish]]}}",
  "ethnic_groups": "{{ublist |item_style|=|white-space:nowrap;\n  | 87.1% [[White British|White]]|ref| group=note|\"This category could include Polish responses from the country specific question for Scotland which would have been outputted to \u2018Other White\u2019 and then included under \u2018White\u2019 for UK ...  \u2018White Africans\u2019 may also have been recorded under \u2018Other White\u2019 and then included under \u2018White\u2019 for UK.\"|</ref>|\n  | 7.0% [[British Asian|Asian]]\n  | 3.0% [[Black British|Black]]\n  | 2.0% [[Mixed (United Kingdom ethnicity category)|Mixed]]\n  | 0.9% others}}",
  "ethnic_groups_year": "[[United Kingdom Census 2011|2011]]",
  "religion": "{{ublist |item_style|=|white-space:nowrap;\n  | |#expr:(37583962/63182178)*100 round 1|% [[Christianity in the United Kingdom|Christian]]\n  | |#expr:(16221509/63182178)*100 round 1|% [[Irreligion in the United Kingdom|Irreligious]]\n  | |#expr:( 2786635/63182178)*100 round 1|% [[Islam in the United Kingdom|Muslim]]\n  | |#expr:(  835418/63182178)*100 round 1|% [[Hinduism in the United Kingdom|Hindu]]\n  | |#expr:(  432429/63182178)*100 round 1|% [[Sikhism in the United Kingdom|Sikh]]\n  | |#expr:(  269568/63182178)*100 round 1|% [[Judaism in the United Kingdom|Jewish]]\n  | |#expr:(  261584/63182178)*100 round 1|% [[Buddhism in the United Kingdom|Buddhist]]\n  | |#expr:(  262750/63182178)*100 round 1|% [[Religion in the United Kingdom|Other]]\n  | |#expr:( 4528323/63182178)*100 round 1|% Unknown}} {{#expr:(37583962/63182178)*100 round 1}} % [[Christianity in the United Kingdom|Christian]] {{#expr:(16221509/63182178)*100 round 1}} % [[Irreligion in the United Kingdom|Irreligious]] {{#expr:( 2786635/63182178)*100 round 1}} % [[Islam in the United Kingdom|Muslim]] {{#expr:(  835418/63182178)*100 round 1}} % [[Hinduism in the United Kingdom|Hindu]] {{#expr:(  432429/63182178)*100 round 1}} % [[Sikhism in the United Kingdom|Sikh]] {{#expr:(  269568/63182178)*100 round 1}} % [[Judaism in the United Kingdom|Jewish]] {{#expr:(  261584/63182178)*100 round 1}} % [[Buddhism in the United Kingdom|Buddhist]] {{#expr:(  262750/63182178)*100 round 1}} % [[Religion in the United Kingdom|Other]] {{#expr:( 4528323/63182178)*100 round 1}} % Unknown",
  "religion_year": "[[United Kingdom Census 2011|2011]]",
  "demonym": "{{hlist |[[British people|British]]|Briton}}",
  "membership": "{{ublist\n  | |flagicon|England| [[England]]\n  | [[Northern Ireland]]\n  | |flagicon|Scotland| [[Scotland]]\n  | |flagicon|Wales| [[Wales]]}} {{flagicon|England}} [[England]] {{flagicon|Scotland}} [[Scotland]] {{flagicon|Wales}} [[Wales]]",
  "government_type": "[[Unitary state|Unitary]] [[parliamentary]]<br />[[constitutional monarchy]]",
  "leader_title1": "[[Monarchy of the United Kingdom|Monarch]]",
  "leader_name1": "[[Elizabeth&nbsp;II]]",
  "leader_title2": "[[Prime Minister of the United Kingdom|Prime Minister]]",
  "leader_name2": "[[Boris Johnson]]",
  "legislature": "[[Parliament of the United Kingdom|Parliament]]",
  "upper_house": "[[House of Lords]]",
  "lower_house": "[[House of Commons of the United Kingdom|House of Commons]]",
  "sovereignty_type": "[[History of the formation of the United Kingdom|Formation]]",
  "established_event1": "[[Laws in Wales Acts]]",
  "established_date1": "1535 and 1542",
  "established_event2": "[[Union of the Crowns]] under [[James VI and I]]",
  "established_date2": "24 March 1603",
  "established_event3": "[[Acts of Union of England and Scotland]]",
  "established_date3": "1 May 1707",
  "established_event4": "[[Acts of Union of Great Britain and Ireland]]",
  "established_date4": "1 January 1801",
  "established_event5": "[[Irish Free State Constitution Act]]",
  "established_date5": "5 December 1922",
  "established_event6": "[[Accession of the United Kingdom to the European Communities|EC accession]] {{shy}} {{refn|group|=|note|[[European Union]] since 1993.}}",
  "established_date6": "1 January 1973",
  "area_km2": "242495",
  "area_rank": "78th",
  "area_sq_mi": "93628",
  "percent_water": "1.34",
  "population_estimate": "{{increase}} 67,545,757",
  "population_census": "63,182,178",
  "population_estimate_year": "2019",
  "population_estimate_rank": "22nd",
  "population_census_year": "2011",
  "population_census_rank": "22nd",
  "population_density_km2": "270.7",
  "population_density_sq_mi": "701.2",
  "population_density_rank": "50th",
  "GDP_PPP": "$3.028&nbsp;trillion",
  "GDP_PPP_year": "2018",
  "GDP_PPP_rank": "9th",
  "GDP_PPP_per_capita": "$45,565",
  "GDP_PPP_per_capita_rank": "25th",
  "GDP_nominal": "$2.936&nbsp;trillion",
  "GDP_nominal_year": "2018",
  "GDP_nominal_rank": "5th",
  "GDP_nominal_per_capita": "$44,177",
  "GDP_nominal_per_capita_rank": "19th",
  "Gini": "33.1",
  "Gini_year": "2017",
  "Gini_change": "increase",
  "Gini_rank": "33rd",
  "HDI": "0.922",
  "HDI_year": "2017",
  "HDI_change": "increase",
  "HDI_rank": "14th",
  "currency": "[[Pound&nbsp;sterling]]",
  "currency_code": "GBP {{))!}} ;&nbsp; {{!((}} Pound sign {{!}} \u00a3",
  "time_zone": "[[Greenwich Mean Time]], [[Western European Time|WET]]",
  "utc_offset": "\u2060",
  "utc_offset_DST": "+1",
  "time_zone_DST": "[[British Summer Time]], [[Western European Summer Time|WEST]]",
  "date_format": "{{abbr|dd|day}} / {{abbr|mm|month}} / {{abbr|yy|year}} <br /> {{abbr|yyyy|year}} - {{abbr|mm|month}} - {{abbr|dd|day}} &nbsp;([[Anno Domini|AD]])",
  "electricity": "230 V\u201350 Hz",
  "drives_on": "[[Left- and right-hand traffic|left]]",
  "calling_code": "[[Telephone numbers in the United Kingdom|+44]]",
  "cctld": "[[.uk]]"
}