{
  "coordinates": "{{Coord|41|54.2|N|12|27.2|E|type:city|display|=|title, inline}}",
  "conventional_long_name": "Vatican City State",
  "native_name": "{{ubl|native name|la|Status Civitatis Vaticanae|native name|it|Stato della Citt\u00e0 del Vaticano}} {{native name|la|Status Civitatis Vaticanae}} {{native name|it|Stato della Citt\u00e0 del Vaticano}}",
  "image_flag": "Flag of the Vatican City.svg",
  "image_coat": "Coat of arms of the Vatican City.svg",
  "common_name": "Vatican City",
  "national_anthem": "{{native name|it|[[Pontifical Anthem|Inno e Marcia Pontificale]]}} <br /> {{small|\"Pontifical Anthem and March\"}} <div style=\"padding-top:0.5em;\">[[File:United States Navy Band - Inno e Marcia Pontificale.ogg|center]]</div>",
  "image_map": "Location_of_the_Vatican_City_in_Europe.svg",
  "map_caption": "{{map caption |location_color|=|green |region|=|Europe |region_color|=|dark grey |legend|=|Location Vatican City Europe.png}}",
  "capital": "{{nowrap|'''Vatican City''' |small|([[city-state]])}} {{small|([[city-state]])}}",
  "largest_city": "capital",
  "official_languages": "[[Latin]], [[Italian language|Italian]] {{efn|group|=|\"note\"|1|=|Many other [[language]]s are used by institutions situated within the state, such as the [[Holy See]], the [[Pontifical Guard|Pontifical Swiss Guard]], and the [[Pontifical Academy of Sciences]].<br>The Holy See uses [[Latin]] as its main official language, Italian as its main working language and French as its main diplomatic language; in addition, its [[Secretariat of State (Holy See)|Secretariat of State]] uses English, German, Italian, Polish, Portuguese and Spanish. The Swiss Guard, in which commands on parade are given in German, also uses French and Italian, two of the three other official Swiss languages, in its official ceremonies, such as the annual swearing in of the new recruits on 6th May.|ref|{{cite av media|url=https://www.youtube.com/watch?v=QTeh9_3VGLQ|title=Solemn oath of the Vatican Swiss guards|date=6 May 2014|publisher=|via=YouTube}}|</ref>}}",
  "government_type": "[[Unitary state|Unitary]] [[absolute monarchy]] under an [[ecclesiastical]] and [[elective monarchy|elective]] [[theocracy]]",
  "leader_title1": "[[Sovereignty|Sovereign entity]]",
  "leader_name1": "[[Holy See]]",
  "leader_title2": "[[List of Sovereigns of the Vatican City State|Sovereign]]",
  "leader_name2": "{{Incumbent pope|[[Pope Francis]]}}",
  "leader_title3": "[[Cardinal Secretary of State|Secretary of State]]",
  "leader_name3": "[[Pietro Parolin]]",
  "leader_title4": "[[President of the Pontifical Commission for Vatican City State|President of<br />the Governorate]]",
  "leader_name4": "<br />[[Giuseppe Bertello]]",
  "legislature": "[[Pontifical Commission for Vatican City State|Pontifical Commission]]",
  "established_event1": "[[Lateran Treaty]]",
  "sovereignty_type": "Independence {{nobold|from [[Kingdom of Italy|Italy]]}}",
  "established_date1": "11 February 1929; {{years ago|1929}} years ago",
  "area_km2": "0.44",
  "area_rank": "196th",
  "population_estimate": "1,000",
  "population_estimate_year": "2017",
  "population_estimate_rank": "236th",
  "population_density_km2": "2,272",
  "population_density_rank": "6th",
  "population_density_sq_mi": "5,882",
  "currency": "[[Euro]] (\u20ac)",
  "currency_code": "EUR",
  "time_zone": "[[Central European Time|CET]]",
  "utc_offset": "+1",
  "utc_offset_DST": "+2",
  "time_zone_DST": "[[Central European Summer Time|CEST]]",
  "drives_on": "right {{efn|1|=|Visitors and tourists are not permitted to drive inside the Vatican without specific permission, which is normally granted only to those on official business in the Vatican.}}",
  "calling_code": "[[Telephone numbers in Vatican City|+379]] {{efn|1|=|[[ITU-T]] assigned code 379 to Vatican City. However, Vatican City is included in the Italian telephone numbering plan and uses the Italian country code 39, followed by 06 (for Rome) and 698.}}",
  "iso3166code": "VA",
  "cctld": "[[.va]]",
  "religion": "[[Roman Catholicism]]",
  "footnotes": "{{Infobox UNESCO World Heritage Site\n  |child|=|yes\n  |ID |=| 286\n  |Criteria |=| Cultural: i, ii, iv, vi\n  |Year |=| 1984}}",
  "official_website": "http://www.vaticanstate.va"
}